{
  "threshold": 0.005498732964042574,
  "benign_mean": 0.0008370448485948145,
  "benign_std": 0.00233084405772388
}