{
  "threshold": 0.0023788567050360143,
  "benign_mean": 0.0004526225966401398,
  "benign_std": 0.0009631170541979373
}