{
  "random_forest_centralized": {
    "accuracy": 0.9525024969481745,
    "macro_f1": 0.9323563273522606,
    "weighted_f1": 0.9520577646410037,
    "roc_auc": 0.9824930529706914,
    "per_class_f1": [
      0.966597641127217,
      0.8611111111111112,
      0.9482129832239241,
      0.9707927677329624,
      0.9360967184801382,
      0.9168026101141925,
      0.8999607689289918,
      0.9592760180995475
    ],
    "per_class_fpr": {
      "benign": 0.07544504097202599,
      "bruteforce": 0.000783348254252462,
      "ddos": 0.001806140878988561,
      "dos": 0.0024122542515981186,
      "malware": 0.001147710317915758,
      "mitm": 0.001954921803127875,
      "recon": 0.01143302585422892,
      "web": 0.00044943820224719103
    }
  },
  "bicnn_lstm_federated": {
    "accuracy": 0.9115525468871379,
    "macro_f1": 0.8414885835539048,
    "weighted_f1": 0.9085394149638439,
    "roc_auc": 0.9778570873658952,
    "per_class_f1": [
      0.9517313746065058,
      0.7045454545454546,
      0.8620928620928621,
      0.8567049808429119,
      0.866785079928952,
      0.7288732394366197,
      0.8456201214223764,
      0.9155555555555556
    ],
    "per_class_fpr": {
      "benign": 0.1474992935857587,
      "bruteforce": 0.004364368845120859,
      "ddos": 0.013847080072245636,
      "dos": 0.003135930527077554,
      "malware": 0.002410191667623092,
      "mitm": 0.0052897884084636615,
      "recon": 0.0022086527218396776,
      "web": 0.0012359550561797752
    }
  },
  "autoencoder": {
    "precision": 0.9320046893317703,
    "recall": 0.673919186210794,
    "f1": 0.7822236798950476,
    "fpr": 0.03179824561403509,
    "roc_auc": 0.9002634491356959,
    "threshold": 0.005498732964042574
  },
  "fl_config": {
    "num_rounds": 65,
    "num_clients": 12,
    "local_epochs": 3,
    "mu": 0.01,
    "algorithm": "FedAvg + FedProx",
    "model": "BiCNN-LSTM",
    "os_tier1_threshold": 500,
    "os_tier1_target": 500,
    "os_tier2_threshold": 1300,
    "os_tier2_target": 2000,
    "oom_fix": "num_cpus=2, object_store_memory=1.5GB"
  },
  "convergence_log": {
    "round": [
      1,
      2,
      3,
      4,
      5,
      6,
      7,
      8,
      9,
      10,
      11,
      12,
      13,
      14,
      15,
      16,
      17,
      18,
      19,
      20,
      21,
      22,
      23,
      24,
      25,
      26,
      27,
      28,
      29,
      30,
      31,
      32,
      33,
      34,
      35,
      36,
      37,
      38,
      39,
      40,
      41,
      42,
      43,
      44,
      45,
      46,
      47,
      48,
      49,
      50,
      51,
      52,
      53,
      54,
      55,
      56,
      57,
      58,
      59,
      60,
      61,
      62,
      63,
      64,
      65
    ],
    "val_loss": [
      1.2075589895248413,
      0.6798089146614075,
      0.6064742803573608,
      0.5642492771148682,
      0.526520311832428,
      0.49455440044403076,
      0.4731297492980957,
      0.4625948667526245,
      0.44512203335762024,
      0.43861570954322815,
      0.4331883192062378,
      0.42207270860671997,
      0.4262450635433197,
      0.4163612723350525,
      0.40675774216651917,
      0.4004655182361603,
      0.3917888104915619,
      0.38681450486183167,
      0.38887476921081543,
      0.3793952465057373,
      0.3795262575149536,
      0.36874791979789734,
      0.36756259202957153,
      0.3638993203639984,
      0.3572745621204376,
      0.3551304340362549,
      0.35477545857429504,
      0.3580472767353058,
      0.34913212060928345,
      0.35556042194366455,
      0.3484339118003845,
      0.34665435552597046,
      0.3461451232433319,
      0.34067896008491516,
      0.34540215134620667,
      0.34440067410469055,
      0.34472423791885376,
      0.3442220389842987,
      0.33994996547698975,
      0.33702754974365234,
      0.3297785818576813,
      0.3311585783958435,
      0.33526214957237244,
      0.33234262466430664,
      0.33600345253944397,
      0.3387332558631897,
      0.3357524871826172,
      0.32828181982040405,
      0.32888656854629517,
      0.3351171612739563,
      0.3312782645225525,
      0.3271840512752533,
      0.3304051160812378,
      0.3256800174713135,
      0.3265373408794403,
      0.33212968707084656,
      0.3386920690536499,
      0.3326510787010193,
      0.3237846791744232,
      0.3254932463169098,
      0.32717958092689514,
      0.3254760801792145,
      0.33015555143356323,
      0.3283575475215912,
      0.32776716351509094
    ],
    "val_acc": [
      0.7113527655601501,
      0.7965819835662842,
      0.8093441128730774,
      0.813561201095581,
      0.8211075067520142,
      0.8357563018798828,
      0.8471867442131042,
      0.8535123467445374,
      0.8572855591773987,
      0.861169695854187,
      0.8643879890441895,
      0.8708245754241943,
      0.8678281903266907,
      0.8730440735816956,
      0.8745977282524109,
      0.8794806599617004,
      0.8810343146324158,
      0.8856952786445618,
      0.8866940140724182,
      0.8892464637756348,
      0.8923537731170654,
      0.8940184116363525,
      0.8947952389717102,
      0.8976806402206421,
      0.8987903594970703,
      0.9000111222267151,
      0.899567186832428,
      0.8977915644645691,
      0.899567186832428,
      0.8987903594970703,
      0.9015647768974304,
      0.8999001383781433,
      0.9055598974227905,
      0.9055598974227905,
      0.9060037732124329,
      0.9068915843963623,
      0.9064476490020752,
      0.9064476490020752,
      0.9048939943313599,
      0.9078903794288635,
      0.9115525484085083,
      0.9080013036727905,
      0.9068915843963623,
      0.9073354601860046,
      0.9057818055152893,
      0.9047830700874329,
      0.9033403396606445,
      0.9084452390670776,
      0.9087781310081482,
      0.9048939943313599,
      0.9078903794288635,
      0.9109976887702942,
      0.9107757210731506,
      0.9070025682449341,
      0.9104427695274353,
      0.906558632850647,
      0.9044501185417175,
      0.9082232713699341,
      0.9109976887702942,
      0.9098879098892212,
      0.9098879098892212,
      0.9116635322570801,
      0.9122183918952942,
      0.9117745161056519,
      0.9093330502510071
    ],
    "macro_f1": [
      0.29227090762827007,
      0.49282843015953165,
      0.5446005929127916,
      0.5653419782706987,
      0.5917689225245164,
      0.6444059908153686,
      0.6796381537100158,
      0.6998944023810294,
      0.7074762059485113,
      0.7179797651109394,
      0.7211028759948623,
      0.743572864924407,
      0.737026686494323,
      0.7422673994880853,
      0.7467768444203491,
      0.7601315993884346,
      0.7627442331200334,
      0.7652160293385859,
      0.764451873261665,
      0.7751697221418583,
      0.793145995043166,
      0.7872111348740827,
      0.791858233140436,
      0.801134122750504,
      0.8007974098231663,
      0.8034035870691413,
      0.7956025313787931,
      0.7980832406172715,
      0.8013657469109063,
      0.7982822864154369,
      0.8063445492131165,
      0.8095815172457975,
      0.8230809255123961,
      0.8157090608299804,
      0.8143743383524642,
      0.8245841945444119,
      0.8183927604261387,
      0.815701997904816,
      0.8169461739703352,
      0.8253938182734042,
      0.8414885835539048,
      0.8203608538655354,
      0.8192643341052098,
      0.8176538987823468,
      0.8179523491482007,
      0.8175025541843899,
      0.8040994467624576,
      0.8230003397789345,
      0.8280474267126147,
      0.8023112422389582,
      0.8256098738522806,
      0.8309855462927846,
      0.8256107671689434,
      0.8105662758989925,
      0.8257459680510951,
      0.808569671642438,
      0.8034667261247885,
      0.8091307768947396,
      0.8352438647247753,
      0.8269449542825937,
      0.8235344486420697,
      0.8321041491380821,
      0.8316504546799333,
      0.8280185847041179,
      0.8164829035708868
    ]
  },