{
  "random_forest_centralized": {
    "accuracy": 0.9525024969481745,
    "macro_f1": 0.9323563273522606,
    "weighted_f1": 0.9520577646410037,
    "roc_auc": 0.9824930529706914,
    "per_class_f1": [
      0.966597641127217,
      0.8611111111111112,
      0.9482129832239241,
      0.9707927677329624,
      0.9360967184801382,
      0.9168026101141925,
      0.8999607689289918,
      0.9592760180995475
    ],
    "per_class_fpr": {
      "benign": 0.07544504097202599,
      "bruteforce": 0.000783348254252462,
      "ddos": 0.001806140878988561,
      "dos": 0.0024122542515981186,
      "malware": 0.001147710317915758,
      "mitm": 0.001954921803127875,
      "recon": 0.01143302585422892,
      "web": 0.00044943820224719103
    }
  },
  "bicnn_lstm_federated": {
    "accuracy": 0.9112196204638775,
    "macro_f1": 0.8469405263540051,
    "weighted_f1": 0.9084970877474063,
    "roc_auc": 0.9793598470711908,
    "per_class_f1": [
      0.9526149526149527,
      0.7261904761904762,
      0.8469318948078219,
      0.831496062992126,
      0.8970331588132635,
      0.7412353923205343,
      0.8514508445214378,
      0.9285714285714286
    ],
    "per_class_fpr": {
      "benign": 0.1401525854761232,
      "bruteforce": 0.0035810205908683975,
      "ddos": 0.01794099939795304,
      "dos": 0.0026534796767579303,
      "malware": 0.0020658785722483643,
      "mitm": 0.007129714811407544,
      "recon": 0.0015590489801221255,
      "web": 0.0010112359550561798
    }
  },
  "autoencoder": {
    "precision": 0.9610822831727205,
    "recall": 0.732692851087878,
    "f1": 0.8314894981561648,
    "fpr": 0.01918859649122807,
    "roc_auc": 0.8987236158411948,
    "threshold": 0.0023788567050360143
  },
  "fl_config": {
    "num_rounds": 50,
    "num_clients": 12,
    "local_epochs": 3,
    "mu": 0.01,
    "algorithm": "FedAvg + FedProx",
    "model": "BiCNN-LSTM"
  },
  "convergence_log": {
    "round": [
      1,
      2,
      3,
      4,
      5,
      6,
      7,
      8,
      9,
      10,
      11,
      12,
      13,
      14,
      15,
      16,
      17,
      18,
      19,
      20,
      21,
      22,
      23,
      24,
      25,
      26,
      27,
      28,
      29,
      30,
      31,
      32,
      33,
      34,
      35,
      36,
      37,
      38,
      39,
      40,
      41,
      42,
      43,
      44,
      45,
      46,
      47,
      48,
      49,
      50
    ],
    "val_loss": [
      1.0304948091506958,
      0.7159923911094666,
      0.6441126465797424,
      0.5910829305648804,
      0.5456405878067017,
      0.5177182555198669,
      0.49571287631988525,
      0.47011783719062805,
      0.45681971311569214,
      0.4406290650367737,
      0.4286937713623047,
      0.4180566370487213,
      0.4046930968761444,
      0.4020436108112335,
      0.3945917785167694,
      0.3892265856266022,
      0.38653022050857544,
      0.3820718824863434,
      0.3807626962661743,
      0.3738638162612915,
      0.3748323619365692,
      0.3685927987098694,
      0.37101560831069946,
      0.36203065514564514,
      0.36516621708869934,
      0.35603097081184387,
      0.3619585633277893,
      0.3569580614566803,
      0.3513485789299011,
      0.36090728640556335,
      0.3561548590660095,
      0.36357206106185913,
      0.36130037903785706,
      0.35992759466171265,
      0.35432159900665283,
      0.3530360758304596,
      0.3461833894252777,
      0.34943297505378723,
      0.3490040898323059,
      0.3505460023880005,
      0.342512309551239,
      0.34626054763793945,
      0.3474282920360565,
      0.3474338948726654,
      0.3441847860813141,
      0.3332797586917877,
      0.347076952457428,
      0.3468734622001648,
      0.3398398458957672,
      0.3464278280735016
    ],
    "val_acc": [
      0.6911552548408508,
      0.780490517616272,
      0.8022416830062866,
      0.8101209402084351,
      0.8201087713241577,
      0.8288758397102356,
      0.832205057144165,
      0.8378648161888123,
      0.8415270447731018,
      0.8486294746398926,
      0.8606147766113281,
      0.8700477480888367,
      0.8754855394363403,
      0.8819220662117004,
      0.8873599171638489,
      0.8905782103538513,
      0.892575740814209,
      0.8957940340042114,
      0.8952391743659973,
      0.897236704826355,
      0.8961269855499268,
      0.8971257209777832,
      0.9010098576545715,
      0.9015647768974304,
      0.9005659818649292,
      0.9035623073577881,
      0.9045611023902893,
      0.9048939943313599,
      0.906558632850647,
      0.9047830700874329,
      0.9040062427520752,
      0.904228150844574,
      0.9050049781799316,
      0.903007447719574,
      0.9056708216667175,
      0.9047830700874329,
      0.9074464440345764,
      0.9083342552185059,
      0.9095550179481506,
      0.9091110825538635,
      0.9093330502510071,
      0.9096659421920776,
      0.9083342552185059,
      0.9103318452835083,
      0.9080013036727905,
      0.9106647372245789,
      0.9084452390670776,
      0.911219596862793,
      0.911219596862793,
      0.9085562229156494
    ],
    "macro_f1": [
      0.23235680190144703,
      0.4727010228332754,
      0.5259769694985438,
      0.5633500926787155,
      0.6035902233708228,
      0.6325740471304961,
      0.6431923912139558,
      0.6633954240636805,
      0.6759440340101851,
      0.693167563416536,
      0.7219767723390499,
      0.7479968435355282,
      0.7579365134320157,
      0.7638449488724636,
      0.7776890792377578,
      0.785882417262939,
      0.7860678552358336,
      0.799283375595603,
      0.8069114904660053,
      0.8059590010933162,
      0.7989503731511681,
      0.8094391548723129,
      0.8146879877796867,
      0.8033711657110452,
      0.8059646129987236,
      0.8199614628613805,
      0.8183600577204105,
      0.8167370717441234,
      0.8228066131579622,
      0.818656412976212,
      0.8085379490185193,
      0.8149559165749367,
      0.8255894066094533,
      0.8058863658199271,
      0.823991242958386,
      0.8162942494868327,
      0.8261972963668198,
      0.8342754016638441,
      0.8375262577968985,
      0.8308331652528417,
      0.8333483590124438,
      0.8432413776331408,
      0.8260311705537545,
      0.8379598603910048,
      0.8280523712017749,
      0.8396102108914079,
      0.8293515992009172,
      0.8469405263540051,
      0.8453383854651614,
      0.8310629872157795
    ]
  },
  "model_selection_reference": {
    "source": "Firouzi et al., Electronics 2025, 14, 4095 \u2014 Table 8",
    "bicnn_lstm_paper_acc_8class": 0.9545,
    "bicnn_lstm_paper_f1_8class": 0.9551,
    "rf_paper_f1_8class": 0.978,
    "fixes_applied": [
      "FIX1: num_rounds 20\u219250, local_epochs 5\u21923 (reduce client drift)",
      "FIX2: FedProx proximal regularisation mu=0.01 (Li et al. 2020)",
      "FIX3: Phase 1 balanced partition \u2014 every attack class on \u22654 nodes"
    ],
    "rnn_excluded_reason": "No gating; vanishing gradients on non-IID FL partitions (McMahan 2017, Li 2020 FedProx)",
    "deepresnet1d_excluded_reason": "Highest raw F1 but deep residual architecture has excessive parameter count; violates NF2 and NF3 edge constraints"
  }
}